Тип товара,Производитель,Модель,Цвет,Описание,Гарантия,Цена в у.е,Цена в грн.(нал),URL
Мобильный телефон,Lg,C3600,black, Сертифицирован UCRF Гарантия 36 мес,36 мес,153,783,http://www.aztec.com.ua
Мобильный телефон,Lg,C3600,pink, Сертифицирован UCRF Гарантия 36 мес,36 мес,153,783,http://www.aztec.com.ua
Мобильный телефон,Lg,KG110,black, Сертифицирован UCRF Гарантия 36 мес,36 мес,72,369,http://www.aztec.com.ua
Мобильный телефон,Lg,KG110,silver, Сертифицирован UCRF Гарантия 36 мес,36 мес,72,369,http://www.aztec.com.ua
Мобильный телефон,Lg,KG190,black, Сертифицирован UCRF Гарантия 36 мес,36 мес,138,707,http://www.aztec.com.ua
Мобильный телефон,Lg,KG210,black, Сертифицирован UCRF Гарантия 36 мес,36 мес,93,476,http://www.aztec.com.ua
Мобильный телефон,Lg,KG210,red, Сертифицирован UCRF Гарантия 36 мес,36 мес,95,486,http://www.aztec.com.ua
Мобильный телефон,Lg,KG210,silver, Сертифицирован UCRF Гарантия 36 мес,36 мес,93,476,http://www.aztec.com.ua
Мобильный телефон,Lg,KG210,wine red, Сертифицирован UCRF Гарантия 36 мес,36 мес,93,476,http://www.aztec.com.ua
Мобильный телефон,Lg,KG225,black, Сертифицирован UCRF Гарантия 36 мес,36 мес,109,558,http://www.aztec.com.ua
Мобильный телефон,Lg,KG225,brown, Сертифицирован UCRF Гарантия 36 мес,36 мес,109,558,http://www.aztec.com.ua
Мобильный телефон,Lg,KG225,white, Сертифицирован UCRF Гарантия 36 мес,36 мес,112,573,http://www.aztec.com.ua
Мобильный телефон,Lg,KG245,black, Сертифицирован UCRF Гарантия 36 мес,36 мес,138,707,http://www.aztec.com.ua
Мобильный телефон,Lg,KG245,red, Сертифицирован UCRF Гарантия 36 мес,36 мес,144,737,http://www.aztec.com.ua
Мобильный телефон,Lg,KG320,black, Сертифицирован UCRF Гарантия 36 мес,36 мес,190,973,http://www.aztec.com.ua
Мобильный телефон,Lg,KG800,(chocolate) black, Сертифицирован UCRF Гарантия 36 мес,36 мес,322,1649,http://www.aztec.com.ua
Мобильный телефон,Lg,KG800,pink, Сертифицирован UCRF Гарантия 36 мес,36 мес,322,1649,http://www.aztec.com.ua
Мобильный телефон,Lg,KG810,(chocolate), Сертифицирован UCRF Гарантия 36 мес,36 мес,277,1418,http://www.aztec.com.ua
Мобильный телефон,Lg,M6100,silver, Сертифицирован UCRF Гарантия 36 мес,36 мес,211,1080,http://www.aztec.com.ua
Мобильный телефон,Lg,P7200,-, Сертифицирован UCRF Гарантия 36 мес,36 мес,332,1700,http://www.aztec.com.ua
Мобильный телефон,Lg,КG320,black, Сертифицирован UCRF Гарантия 36 мес,36 мес,188,963,http://www.aztec.com.ua
Мобильный телефон,Lg,КG800,black, Сертифицирован UCRF Гарантия 36 мес,36 мес,314,1608,http://www.aztec.com.ua
Мобильный телефон,Lg,КG800,pink, Сертифицирован UCRF Гарантия 36 мес,36 мес,314,1608,http://www.aztec.com.ua
Мобильный телефон,Motorola,C115,black, Сертифицирован UCRF Гарантия 12 мес,12 мес,43,220,http://www.aztec.com.ua/?search=&cmd=showcat&p1=42&p2=
Мобильный телефон,Motorola,C115,blue, Сертифицирован UCRF Гарантия 12 мес,12 мес,43,220,http://www.aztec.com.ua/?search=&cmd=showcat&p1=42&p2=
Мобильный телефон,Motorola,C115,cubl, Сертифицирован UCRF Гарантия 12 мес,12 мес,44,225,http://www.aztec.com.ua/?search=&cmd=showcat&p1=42&p2=
Мобильный телефон,Motorola,C115,silver, Сертифицирован UCRF Гарантия 12 мес,12 мес,43,220,http://www.aztec.com.ua/?search=&cmd=showcat&p1=42&p2=
Мобильный телефон,Motorola,C118,black, Сертифицирован UCRF Гарантия 12 мес,12 мес,47,241,http://www.aztec.com.ua/?search=&cmd=showcat&p1=42&p2=
Мобильный телефон,Motorola,C139,black, Сертифицирован UCRF Гарантия 12 мес,12 мес,57,292,http://www.aztec.com.ua/?search=&cmd=showcat&p1=42&p2=
Мобильный телефон,Motorola,C139,satelite silver, Сертифицирован UCRF Гарантия 12 мес,12 мес,57,292,http://www.aztec.com.ua/?search=&cmd=showcat&p1=42&p2=
Мобильный телефон,Motorola,C139,silver, Сертифицирован UCRF Гарантия 12 мес,12 мес,58,297,http://www.aztec.com.ua/?search=&cmd=showcat&p1=42&p2=
Мобильный телефон,Motorola,C168,silver, Сертифицирован UCRF Гарантия 12 мес,12 мес,75,384,http://www.aztec.com.ua/?search=&cmd=showcat&p1=42&p2=
Мобильный телефон,Motorola,K1,blue, Сертифицирован UCRF Гарантия 12 мес,12 мес,391,2002,http://www.aztec.com.ua/?search=&cmd=showcat&p1=42&p2=
Мобильный телефон,Motorola,L2,silver, Сертифицирован UCRF Гарантия 12 мес,12 мес,106,543,http://www.aztec.com.ua/?search=&cmd=showcat&p1=42&p2=
Мобильный телефон,Motorola,L6,bubble gum, Сертифицирован UCRF Гарантия 12 мес,12 мес,122,625,http://www.aztec.com.ua/?search=&cmd=showcat&p1=42&p2=
Мобильный телефон,Motorola,L6,diamond dust, Сертифицирован UCRF Гарантия 12 мес,12 мес,118,604,http://www.aztec.com.ua/?search=&cmd=showcat&p1=42&p2=
Мобильный телефон,Motorola,L6,pink, Сертифицирован UCRF Гарантия 12 мес,12 мес,118,604,http://www.aztec.com.ua/?search=&cmd=showcat&p1=42&p2=
Мобильный телефон,Motorola,L7,black, Сертифицирован UCRF Гарантия 12 мес,12 мес,179,916,http://www.aztec.com.ua/?search=&cmd=showcat&p1=42&p2=
Мобильный телефон,Motorola,L7,metall black, Сертифицирован UCRF Гарантия 12 мес,12 мес,180,922,http://www.aztec.com.ua/?search=&cmd=showcat&p1=42&p2=
Мобильный телефон,Motorola,U6,black, Сертифицирован UCRF Гарантия 12 мес,12 мес,122,625,http://www.aztec.com.ua/?search=&cmd=showcat&p1=42&p2=
Мобильный телефон,Motorola,V171,silver, Сертифицирован UCRF Гарантия 12 мес,12 мес,66,338,http://www.aztec.com.ua/?search=&cmd=showcat&p1=42&p2=
Мобильный телефон,Motorola,V235,black, Сертифицирован UCRF Гарантия 12 мес,12 мес,106,543,http://www.aztec.com.ua/?search=&cmd=showcat&p1=42&p2=
Мобильный телефон,Motorola,V235,silver grey, Сертифицирован UCRF Гарантия 12 мес,12 мес,106,543,http://www.aztec.com.ua/?search=&cmd=showcat&p1=42&p2=
Мобильный телефон,Motorola,V3,black, Сертифицирован UCRF Гарантия 12 мес,12 мес,178,911,http://www.aztec.com.ua/?search=&cmd=showcat&p1=42&p2=
Мобильный телефон,Motorola,V3,blue, Сертифицирован UCRF Гарантия 12 мес,12 мес,175,896,http://www.aztec.com.ua/?search=&cmd=showcat&p1=42&p2=
Мобильный телефон,Motorola,V3,bubble gum, Сертифицирован UCRF Гарантия 12 мес,12 мес,177,906,http://www.aztec.com.ua/?search=&cmd=showcat&p1=42&p2=
Мобильный телефон,Motorola,V3,pink, Сертифицирован UCRF Гарантия 12 мес,12 мес,174,891,http://www.aztec.com.ua/?search=&cmd=showcat&p1=42&p2=
Мобильный телефон,Motorola,V3,silver, Сертифицирован UCRF Гарантия 12 мес,12 мес,174,891,http://www.aztec.com.ua/?search=&cmd=showcat&p1=42&p2=
Мобильный телефон,Motorola,V3I,d&g gold + bluetooth, Сертифицирован UCRF Гарантия 12 мес,12 мес,469,2401,http://www.aztec.com.ua/?search=&cmd=showcat&p1=42&p2=
Мобильный телефон,Motorola,V3I,deep violet, Сертифицирован UCRF Гарантия 12 мес,12 мес,227,1162,http://www.aztec.com.ua/?search=&cmd=showcat&p1=42&p2=
Мобильный телефон,Motorola,V3I,maroon red, Сертифицирован UCRF Гарантия 12 мес,12 мес,227,1162,http://www.aztec.com.ua/?search=&cmd=showcat&p1=42&p2=
Мобильный телефон,Motorola,V3I,silver, Сертифицирован UCRF Гарантия 12 мес,12 мес,230,1178,http://www.aztec.com.ua/?search=&cmd=showcat&p1=42&p2=
Мобильный телефон,Motorola,V3X,blue, Сертифицирован UCRF Гарантия 12 мес,12 мес,293,1500,http://www.aztec.com.ua/?search=&cmd=showcat&p1=42&p2=
Мобильный телефон,Motorola,V3X,pink, Сертифицирован UCRF Гарантия 12 мес,12 мес,293,1500,http://www.aztec.com.ua/?search=&cmd=showcat&p1=42&p2=
Мобильный телефон,Motorola,V3X,pumpkin, Сертифицирован UCRF Гарантия 12 мес,12 мес,293,1500,http://www.aztec.com.ua/?search=&cmd=showcat&p1=42&p2=
Мобильный телефон,Motorola,V3Х,blue, Сертифицирован UCRF Гарантия 12 мес,12 мес,279,1428,http://www.aztec.com.ua/?search=&cmd=showcat&p1=42&p2=
Мобильный телефон,Nokia,1100,black, Сертифицирован UCRF Гарантия 12 мес,12 мес,57,292,http://www.aztec.com.ua/?search=&cmd=showcat&p1=37&p2=
Мобильный телефон,Nokia,1100,blue, Сертифицирован UCRF Гарантия 12 мес,12 мес,57,292,http://www.aztec.com.ua/?search=&cmd=showcat&p1=37&p2=
Мобильный телефон,Nokia,1100,terra, Сертифицирован UCRF Гарантия 12 мес,12 мес,57,292,http://www.aztec.com.ua/?search=&cmd=showcat&p1=37&p2=
Мобильный телефон,Nokia,1101,dark blue, Сертифицирован UCRF Гарантия 12 мес,12 мес,57,292,http://www.aztec.com.ua/?search=&cmd=showcat&p1=37&p2=
Мобильный телефон,Nokia,1101,light silver, Сертифицирован UCRF Гарантия 12 мес,12 мес,57,292,http://www.aztec.com.ua/?search=&cmd=showcat&p1=37&p2=
Мобильный телефон,Nokia,1110,blue, Сертифицирован UCRF Гарантия 12 мес,12 мес,56,287,http://www.aztec.com.ua/?search=&cmd=showcat&p1=37&p2=
Мобильный телефон,Nokia,1110,dark brown, Сертифицирован UCRF Гарантия 12 мес,12 мес,56,287,http://www.aztec.com.ua/?search=&cmd=showcat&p1=37&p2=
Мобильный телефон,Nokia,1110,light grey, Сертифицирован UCRF Гарантия 12 мес,12 мес,56,287,http://www.aztec.com.ua/?search=&cmd=showcat&p1=37&p2=
Мобильный телефон,Nokia,1110і,blue, Сертифицирован UCRF Гарантия 12 мес,12 мес,56,287,http://www.aztec.com.ua/?search=&cmd=showcat&p1=37&p2=
Мобильный телефон,Nokia,1110і,dark brown, Сертифицирован UCRF Гарантия 12 мес,12 мес,56,287,http://www.aztec.com.ua/?search=&cmd=showcat&p1=37&p2=
Мобильный телефон,Nokia,1110і,grey, Сертифицирован UCRF Гарантия 12 мес,12 мес,61,312,http://www.aztec.com.ua/?search=&cmd=showcat&p1=37&p2=
Мобильный телефон,Nokia,1110і,light grey, Сертифицирован UCRF Гарантия 12 мес,12 мес,56,287,http://www.aztec.com.ua/?search=&cmd=showcat&p1=37&p2=
Мобильный телефон,Nokia,1112,dark blue, Сертифицирован UCRF Гарантия 12 мес,12 мес,61,312,http://www.aztec.com.ua/?search=&cmd=showcat&p1=37&p2=
Мобильный телефон,Nokia,1112,light blue, Сертифицирован UCRF Гарантия 12 мес,12 мес,61,312,http://www.aztec.com.ua/?search=&cmd=showcat&p1=37&p2=
Мобильный телефон,Nokia,1112,red, Сертифицирован UCRF Гарантия 12 мес,12 мес,61,312,http://www.aztec.com.ua/?search=&cmd=showcat&p1=37&p2=
Мобильный телефон,Nokia,1600,black, Сертифицирован UCRF Гарантия 12 мес,12 мес,72,369,http://www.aztec.com.ua/?search=&cmd=showcat&p1=37&p2=
Мобильный телефон,Nokia,1600,silver, Сертифицирован UCRF Гарантия 12 мес,12 мес,72,369,http://www.aztec.com.ua/?search=&cmd=showcat&p1=37&p2=
Мобильный телефон,Nokia,2310,bright blue, Сертифицирован UCRF Гарантия 12 мес,12 мес,88,451,http://www.aztec.com.ua/?search=&cmd=showcat&p1=37&p2=
Мобильный телефон,Nokia,2310,orange, Сертифицирован UCRF Гарантия 12 мес,12 мес,88,451,http://www.aztec.com.ua/?search=&cmd=showcat&p1=37&p2=
Мобильный телефон,Nokia,2310,white, Сертифицирован UCRF Гарантия 12 мес,12 мес,88,451,http://www.aztec.com.ua/?search=&cmd=showcat&p1=37&p2=
Мобильный телефон,Nokia,2610,black, Сертифицирован UCRF Гарантия 12 мес,12 мес,96,492,http://www.aztec.com.ua/?search=&cmd=showcat&p1=37&p2=
Мобильный телефон,Nokia,2610,brown, Сертифицирован UCRF Гарантия 12 мес,12 мес,96,492,http://www.aztec.com.ua/?search=&cmd=showcat&p1=37&p2=
Мобильный телефон,Nokia,2610,grey, Сертифицирован UCRF Гарантия 12 мес,12 мес,96,492,http://www.aztec.com.ua/?search=&cmd=showcat&p1=37&p2=
Мобильный телефон,Nokia,3120,iron blue, Сертифицирован UCRF Гарантия 12 мес,12 мес,89,456,http://www.aztec.com.ua/?search=&cmd=showcat&p1=37&p2=
Мобильный телефон,Nokia,3120,lime, Сертифицирован UCRF Гарантия 12 мес,12 мес,89,456,http://www.aztec.com.ua/?search=&cmd=showcat&p1=37&p2=
Мобильный телефон,Nokia,3220,red, Сертифицирован UCRF Гарантия 12 мес,12 мес,117,599,http://www.aztec.com.ua/?search=&cmd=showcat&p1=37&p2=
Мобильный телефон,Nokia,3220,white red, Сертифицирован UCRF Гарантия 12 мес,12 мес,117,599,http://www.aztec.com.ua/?search=&cmd=showcat&p1=37&p2=
Мобильный телефон,Nokia,3230,black, Сертифицирован UCRF Гарантия 12 мес,12 мес,260,1331,http://www.aztec.com.ua/?search=&cmd=showcat&p1=37&p2=
Мобильный телефон,Nokia,3250,black, Сертифицирован UCRF Гарантия 12 мес,12 мес,339,1736,http://www.aztec.com.ua/?search=&cmd=showcat&p1=37&p2=
Мобильный телефон,Nokia,3250,black + карта памяти microsd 1 gb, Сертифицирован UCRF Гарантия 12 мес,12 мес,332,1700,http://www.aztec.com.ua/?search=&cmd=showcat&p1=37&p2=
Мобильный телефон,Nokia,3250,green, Сертифицирован UCRF Гарантия 12 мес,12 мес,331,1695,http://www.aztec.com.ua/?search=&cmd=showcat&p1=37&p2=
Мобильный телефон,Nokia,3250,pink, Сертифицирован UCRF Гарантия 12 мес,12 мес,329,1684,http://www.aztec.com.ua/?search=&cmd=showcat&p1=37&p2=
Мобильный телефон,Nokia,3250,silver 1gb, Сертифицирован UCRF Гарантия 12 мес,12 мес,332,1700,http://www.aztec.com.ua/?search=&cmd=showcat&p1=37&p2=
Мобильный телефон,Nokia,5140I,black, Сертифицирован UCRF Гарантия 12 мес,12 мес,161,824,http://www.aztec.com.ua/?search=&cmd=showcat&p1=37&p2=
Мобильный телефон,Nokia,5140I,orange, Сертифицирован UCRF Гарантия 12 мес,12 мес,161,824,http://www.aztec.com.ua/?search=&cmd=showcat&p1=37&p2=
Мобильный телефон,Nokia,5500,dark grey, Сертифицирован UCRF Гарантия 12 мес,12 мес,301,1541,http://www.aztec.com.ua/?search=&cmd=showcat&p1=37&p2=
Мобильный телефон,Nokia,5500,light yellow, Сертифицирован UCRF Гарантия 12 мес,12 мес,301,1541,http://www.aztec.com.ua/?search=&cmd=showcat&p1=37&p2=
Мобильный телефон,Nokia,6020,graphite grey, Сертифицирован UCRF Гарантия 12 мес,12 мес,119,609,http://www.aztec.com.ua/?search=&cmd=showcat&p1=37&p2=
Мобильный телефон,Nokia,6020,silver grey, Сертифицирован UCRF Гарантия 12 мес,12 мес,119,609,http://www.aztec.com.ua/?search=&cmd=showcat&p1=37&p2=
Мобильный телефон,Nokia,6021,black, Сертифицирован UCRF Гарантия 12 мес,12 мес,117,599,http://www.aztec.com.ua/?search=&cmd=showcat&p1=37&p2=
Мобильный телефон,Nokia,6030,black, Сертифицирован UCRF Гарантия 12 мес,12 мес,98,502,http://www.aztec.com.ua/?search=&cmd=showcat&p1=37&p2=
Мобильный телефон,Nokia,6030,champagne, Сертифицирован UCRF Гарантия 12 мес,12 мес,98,502,http://www.aztec.com.ua/?search=&cmd=showcat&p1=37&p2=
Мобильный телефон,Nokia,6030,silver, Сертифицирован UCRF Гарантия 12 мес,12 мес,98,502,http://www.aztec.com.ua/?search=&cmd=showcat&p1=37&p2=
Мобильный телефон,Nokia,6060,black, Сертифицирован UCRF Гарантия 12 мес,12 мес,112,573,http://www.aztec.com.ua/?search=&cmd=showcat&p1=37&p2=
Мобильный телефон,Nokia,6060,silver, Сертифицирован UCRF Гарантия 12 мес,12 мес,112,573,http://www.aztec.com.ua/?search=&cmd=showcat&p1=37&p2=
Мобильный телефон,Nokia,6070,dark grey, Сертифицирован UCRF Гарантия 12 мес,12 мес,133,681,http://www.aztec.com.ua/?search=&cmd=showcat&p1=37&p2=
Мобильный телефон,Nokia,6070,light blue, Сертифицирован UCRF Гарантия 12 мес,12 мес,132,676,http://www.aztec.com.ua/?search=&cmd=showcat&p1=37&p2=
Мобильный телефон,Nokia,6101,black, Сертифицирован UCRF Гарантия 12 мес,12 мес,152,778,http://www.aztec.com.ua/?search=&cmd=showcat&p1=37&p2=
Мобильный телефон,Nokia,6101,pink, Сертифицирован UCRF Гарантия 12 мес,12 мес,152,778,http://www.aztec.com.ua/?search=&cmd=showcat&p1=37&p2=
Мобильный телефон,Nokia,6101,white, Сертифицирован UCRF Гарантия 12 мес,12 мес,152,778,http://www.aztec.com.ua/?search=&cmd=showcat&p1=37&p2=
Мобильный телефон,Nokia,6103,black, Сертифицирован UCRF Гарантия 12 мес,12 мес,165,845,http://www.aztec.com.ua/?search=&cmd=showcat&p1=37&p2=
Мобильный телефон,Nokia,6103,blue, Сертифицирован UCRF Гарантия 12 мес,12 мес,167,855,http://www.aztec.com.ua/?search=&cmd=showcat&p1=37&p2=
Мобильный телефон,Nokia,6103,red, Сертифицирован UCRF Гарантия 12 мес,12 мес,165,845,http://www.aztec.com.ua/?search=&cmd=showcat&p1=37&p2=
Мобильный телефон,Nokia,6111,black, Сертифицирован UCRF Гарантия 12 мес,12 мес,207,1060,http://www.aztec.com.ua/?search=&cmd=showcat&p1=37&p2=
Мобильный телефон,Nokia,6111,frosted pink, Сертифицирован UCRF Гарантия 12 мес,12 мес,206,1055,http://www.aztec.com.ua/?search=&cmd=showcat&p1=37&p2=
Мобильный телефон,Nokia,6111,silver grey, Сертифицирован UCRF Гарантия 12 мес,12 мес,202,1034,http://www.aztec.com.ua/?search=&cmd=showcat&p1=37&p2=
Мобильный телефон,Nokia,6125,copper black, Сертифицирован UCRF Гарантия 12 мес,12 мес,226,1157,http://www.aztec.com.ua/?search=&cmd=showcat&p1=37&p2=
Мобильный телефон,Nokia,6125,silver black, Сертифицирован UCRF Гарантия 12 мес,12 мес,226,1157,http://www.aztec.com.ua/?search=&cmd=showcat&p1=37&p2=
Мобильный телефон,Nokia,6131,black, Сертифицирован UCRF Гарантия 12 мес,12 мес,254,1300,http://www.aztec.com.ua/?search=&cmd=showcat&p1=37&p2=
Мобильный телефон,Nokia,6131,red, Сертифицирован UCRF Гарантия 12 мес,12 мес,270,1382,http://www.aztec.com.ua/?search=&cmd=showcat&p1=37&p2=
Мобильный телефон,Nokia,6131,red-silver, Сертифицирован UCRF Гарантия 12 мес,12 мес,250,1280,http://www.aztec.com.ua/?search=&cmd=showcat&p1=37&p2=
Мобильный телефон,Nokia,6131,sand silver, Сертифицирован UCRF Гарантия 12 мес,12 мес,248,1270,http://www.aztec.com.ua/?search=&cmd=showcat&p1=37&p2=
Мобильный телефон,Nokia,6131,silver, Сертифицирован UCRF Гарантия 12 мес,12 мес,264,1352,http://www.aztec.com.ua/?search=&cmd=showcat&p1=37&p2=
Мобильный телефон,Nokia,6131,white silver, Сертифицирован UCRF Гарантия 12 мес,12 мес,249,1275,http://www.aztec.com.ua/?search=&cmd=showcat&p1=37&p2=
Мобильный телефон,Nokia,6151,black, Сертифицирован UCRF Гарантия 12 мес,12 мес,237,1213,http://www.aztec.com.ua/?search=&cmd=showcat&p1=37&p2=
Мобильный телефон,Nokia,6151,pearl white, Сертифицирован UCRF Гарантия 12 мес,12 мес,233,1193,http://www.aztec.com.ua/?search=&cmd=showcat&p1=37&p2=
Мобильный телефон,Nokia,6230I,black, Сертифицирован UCRF Гарантия 12 мес,12 мес,221,1132,http://www.aztec.com.ua/?search=&cmd=showcat&p1=37&p2=
Мобильный телефон,Nokia,6230I,silver, Сертифицирован UCRF Гарантия 12 мес,12 мес,221,1132,http://www.aztec.com.ua/?search=&cmd=showcat&p1=37&p2=
Мобильный телефон,Nokia,6233,black, Сертифицирован UCRF Гарантия 12 мес,12 мес,295,1510,http://www.aztec.com.ua/?search=&cmd=showcat&p1=37&p2=
Мобильный телефон,Nokia,6233,silver, Сертифицирован UCRF Гарантия 12 мес,12 мес,295,1510,http://www.aztec.com.ua/?search=&cmd=showcat&p1=37&p2=
Мобильный телефон,Nokia,6270,dark brown, Сертифицирован UCRF Гарантия 12 мес,12 мес,296,1516,http://www.aztec.com.ua/?search=&cmd=showcat&p1=37&p2=
Мобильный телефон,Nokia,6270,mist blue, Сертифицирован UCRF Гарантия 12 мес,12 мес,296,1516,http://www.aztec.com.ua/?search=&cmd=showcat&p1=37&p2=
Мобильный телефон,Nokia,6280,carbon black, Сертифицирован UCRF Гарантия 12 мес,12 мес,313,1603,http://www.aztec.com.ua/?search=&cmd=showcat&p1=37&p2=
Мобильный телефон,Nokia,6280,graphite grey, Сертифицирован UCRF Гарантия 12 мес,12 мес,317,1623,http://www.aztec.com.ua/?search=&cmd=showcat&p1=37&p2=
Мобильный телефон,Nokia,6288,black, Сертифицирован UCRF Гарантия 12 мес,12 мес,362,1853,http://www.aztec.com.ua/?search=&cmd=showcat&p1=37&p2=
Мобильный телефон,Nokia,6630,alluminium grey, Сертифицирован UCRF Гарантия 12 мес,12 мес,263,1347,http://www.aztec.com.ua/?search=&cmd=showcat&p1=37&p2=
Мобильный телефон,Nokia,6630,musik edition alluminium grey, Сертифицирован UCRF Гарантия 12 мес,12 мес,278,1423,http://www.aztec.com.ua/?search=&cmd=showcat&p1=37&p2=
Мобильный телефон,Nokia,6680,black, Сертифицирован UCRF Гарантия 12 мес,12 мес,287,1469,http://www.aztec.com.ua/?search=&cmd=showcat&p1=37&p2=
Мобильный телефон,Nokia,6680,light bronze, Сертифицирован UCRF Гарантия 12 мес,12 мес,287,1469,http://www.aztec.com.ua/?search=&cmd=showcat&p1=37&p2=
Мобильный телефон,Nokia,7260,white, Сертифицирован UCRF Гарантия 12 мес,12 мес,168,860,http://www.aztec.com.ua/?search=&cmd=showcat&p1=37&p2=
Мобильный телефон,Nokia,7360,coffe brown, Сертифицирован UCRF Гарантия 12 мес,12 мес,178,911,http://www.aztec.com.ua/?search=&cmd=showcat&p1=37&p2=
Мобильный телефон,Nokia,7360,pink, Сертифицирован UCRF Гарантия 12 мес,12 мес,184,942,http://www.aztec.com.ua/?search=&cmd=showcat&p1=37&p2=
Мобильный телефон,Nokia,7360,warm amber, Сертифицирован UCRF Гарантия 12 мес,12 мес,178,911,http://www.aztec.com.ua/?search=&cmd=showcat&p1=37&p2=
Мобильный телефон,Nokia,7370,coffee brown, Сертифицирован UCRF Гарантия 12 мес,12 мес,267,1367,http://www.aztec.com.ua/?search=&cmd=showcat&p1=37&p2=
Мобильный телефон,Nokia,7370,warm amber, Сертифицирован UCRF Гарантия 12 мес,12 мес,283,1449,http://www.aztec.com.ua/?search=&cmd=showcat&p1=37&p2=
Мобильный телефон,Nokia,7380,warm amber, Сертифицирован UCRF Гарантия 12 мес,12 мес,353,1807,http://www.aztec.com.ua/?search=&cmd=showcat&p1=37&p2=
Мобильный телефон,Nokia,7610,black blue, Сертифицирован UCRF Гарантия 12 мес,12 мес,234,1198,http://www.aztec.com.ua/?search=&cmd=showcat&p1=37&p2=
Мобильный телефон,Nokia,7610,black red, Сертифицирован UCRF Гарантия 12 мес,12 мес,237,1213,http://www.aztec.com.ua/?search=&cmd=showcat&p1=37&p2=
Мобильный телефон,Nokia,7610,silver, Сертифицирован UCRF Гарантия 12 мес,12 мес,230,1178,http://www.aztec.com.ua/?search=&cmd=showcat&p1=37&p2=
Мобильный телефон,Nokia,9300,-, Сертифицирован UCRF Гарантия 12 мес,12 мес,435,2227,http://www.aztec.com.ua/?search=&cmd=showcat&p1=37&p2=
Мобильный телефон,Nokia,9300I,-, Сертифицирован UCRF Гарантия 12 мес,12 мес,497,2545,http://www.aztec.com.ua/?search=&cmd=showcat&p1=37&p2=
Мобильный телефон,Nokia,E50,black, Сертифицирован UCRF Гарантия 12 мес,12 мес,324,1659,http://www.aztec.com.ua/?search=&cmd=showcat&p1=37&p2=
Мобильный телефон,Nokia,E50-1,black, Сертифицирован UCRF Гарантия 12 мес,12 мес,306,1567,http://www.aztec.com.ua/?search=&cmd=showcat&p1=37&p2=
Мобильный телефон,Nokia,E50-1,white, Сертифицирован UCRF Гарантия 12 мес,12 мес,303,1551,http://www.aztec.com.ua/?search=&cmd=showcat&p1=37&p2=
Мобильный телефон,Nokia,E50-2,black, Сертифицирован UCRF Гарантия 12 мес,12 мес,281,1439,http://www.aztec.com.ua/?search=&cmd=showcat&p1=37&p2=
Мобильный телефон,Nokia,E60,-, Сертифицирован UCRF Гарантия 12 мес,12 мес,233,1193,http://www.aztec.com.ua/?search=&cmd=showcat&p1=37&p2=
Мобильный телефон,Nokia,E61,-, Сертифицирован UCRF Гарантия 12 мес,12 мес,273,1398,http://www.aztec.com.ua/?search=&cmd=showcat&p1=37&p2=
Мобильный телефон,Nokia,E70,silver, Сертифицирован UCRF Гарантия 12 мес,12 мес,297,1521,http://www.aztec.com.ua/?search=&cmd=showcat&p1=37&p2=
Мобильный телефон,Nokia,N70,ivory pearl, Сертифицирован UCRF Гарантия 12 мес,12 мес,338,1731,http://www.aztec.com.ua/?search=&cmd=showcat&p1=37&p2=
Мобильный телефон,Nokia,N70,silver black, Сертифицирован UCRF Гарантия 12 мес,12 мес,341,1746,http://www.aztec.com.ua/?search=&cmd=showcat&p1=37&p2=
Мобильный телефон,Nokia,N72,black, Сертифицирован UCRF Гарантия 12 мес,12 мес,342,1751,http://www.aztec.com.ua/?search=&cmd=showcat&p1=37&p2=
Мобильный телефон,Nokia,N72,pink, Сертифицирован UCRF Гарантия 12 мес,12 мес,322,1649,http://www.aztec.com.ua/?search=&cmd=showcat&p1=37&p2=
Мобильный телефон,Nokia,N73,red, Сертифицирован UCRF Гарантия 12 мес,12 мес,489,2504,http://www.aztec.com.ua/?search=&cmd=showcat&p1=37&p2=
Мобильный телефон,Nokia,N73,red white, Сертифицирован UCRF Гарантия 12 мес,12 мес,477,2442,http://www.aztec.com.ua/?search=&cmd=showcat&p1=37&p2=
Мобильный телефон,Nokia,N73,silver, Сертифицирован UCRF Гарантия 12 мес,12 мес,497,2545,http://www.aztec.com.ua/?search=&cmd=showcat&p1=37&p2=
Мобильный телефон,Nokia,N80,pearl black, Сертифицирован UCRF Гарантия 12 мес,12 мес,503,2575,http://www.aztec.com.ua/?search=&cmd=showcat&p1=37&p2=
Мобильный телефон,Nokia,N80,smooth stainless, Сертифицирован UCRF Гарантия 12 мес,12 мес,502,2570,http://www.aztec.com.ua/?search=&cmd=showcat&p1=37&p2=
Мобильный телефон,Nokia,N80-1,pearl black, Сертифицирован UCRF Гарантия 12 мес,12 мес,512,2621,http://www.aztec.com.ua/?search=&cmd=showcat&p1=37&p2=
Мобильный телефон,Nokia,N90,light blue, Сертифицирован UCRF Гарантия 12 мес,12 мес,471,2412,http://www.aztec.com.ua/?search=&cmd=showcat&p1=37&p2=
Мобильный телефон,Nokia,N91-1,light chrome, Сертифицирован UCRF Гарантия 12 мес,12 мес,420,2150,http://www.aztec.com.ua/?search=&cmd=showcat&p1=37&p2=
Мобильный телефон,Qtek,8310,-, Сертифицирован UCRF Гарантия 12 мес,12 мес,417,2135,http://www.aztec.com.ua/?search=&cmd=showcat&p1=76&p2=
Мобильный телефон,Qtek,S200,-, Сертифицирован UCRF Гарантия 12 мес,12 мес,552,2826,http://www.aztec.com.ua/?search=&cmd=showcat&p1=76&p2=
Мобильный телефон,Samsung,C130,ocean blue, Сертифицирован UCRF Гарантия 36 мес,36 мес,76,389,http://www.aztec.com.ua/?search=&cmd=showcat&p1=44&p2=
Мобильный телефон,Samsung,C130,pink, Сертифицирован UCRF Гарантия 36 мес,36 мес,76,389,http://www.aztec.com.ua/?search=&cmd=showcat&p1=44&p2=
Мобильный телефон,Samsung,C130,teal green, Сертифицирован UCRF Гарантия 36 мес,36 мес,76,389,http://www.aztec.com.ua/?search=&cmd=showcat&p1=44&p2=
Мобильный телефон,Samsung,C130,white silver, Сертифицирован UCRF Гарантия 36 мес,36 мес,76,389,http://www.aztec.com.ua/?search=&cmd=showcat&p1=44&p2=
Мобильный телефон,Samsung,C230,black silver, Сертифицирован UCRF Гарантия 36 мес,36 мес,93,476,http://www.aztec.com.ua/?search=&cmd=showcat&p1=44&p2=
Мобильный телефон,Samsung,D520,aqua black, Сертифицирован UCRF Гарантия 36 мес,36 мес,226,1157,http://www.aztec.com.ua/?search=&cmd=showcat&p1=44&p2=
Мобильный телефон,Samsung,D520,silver black, Сертифицирован UCRF Гарантия 36 мес,36 мес,226,1157,http://www.aztec.com.ua/?search=&cmd=showcat&p1=44&p2=
Мобильный телефон,Samsung,D520,violet black, Сертифицирован UCRF Гарантия 36 мес,36 мес,226,1157,http://www.aztec.com.ua/?search=&cmd=showcat&p1=44&p2=
Мобильный телефон,Samsung,D600,black, Сертифицирован UCRF Гарантия 36 мес,36 мес,277,1418,http://www.aztec.com.ua/?search=&cmd=showcat&p1=44&p2=
Мобильный телефон,Samsung,D600,charcoal grey, Сертифицирован UCRF Гарантия 36 мес,36 мес,277,1418,http://www.aztec.com.ua/?search=&cmd=showcat&p1=44&p2=
Мобильный телефон,Samsung,D720,black, Сертифицирован UCRF Гарантия 36 мес,36 мес,273,1398,http://www.aztec.com.ua/?search=&cmd=showcat&p1=44&p2=
Мобильный телефон,Samsung,D720,red, Сертифицирован UCRF Гарантия 36 мес,36 мес,273,1398,http://www.aztec.com.ua/?search=&cmd=showcat&p1=44&p2=
Мобильный телефон,Samsung,D720,snow silver, Сертифицирован UCRF Гарантия 36 мес,36 мес,275,1408,http://www.aztec.com.ua/?search=&cmd=showcat&p1=44&p2=
Мобильный телефон,Samsung,D800,black, Сертифицирован UCRF Гарантия 36 мес,36 мес,263,1347,http://www.aztec.com.ua/?search=&cmd=showcat&p1=44&p2=
Мобильный телефон,Samsung,D820,black, Сертифицирован UCRF Гарантия 36 мес,36 мес,285,1459,http://www.aztec.com.ua/?search=&cmd=showcat&p1=44&p2=
Мобильный телефон,Samsung,D820,noir black, Сертифицирован UCRF Гарантия 36 мес,36 мес,285,1459,http://www.aztec.com.ua/?search=&cmd=showcat&p1=44&p2=
Мобильный телефон,Samsung,D830,absolute black, Сертифицирован UCRF Гарантия 36 мес,36 мес,319,1633,http://www.aztec.com.ua/?search=&cmd=showcat&p1=44&p2=
Мобильный телефон,Samsung,D830,modern black, Сертифицирован UCRF Гарантия 36 мес,36 мес,320,1638,http://www.aztec.com.ua/?search=&cmd=showcat&p1=44&p2=
Мобильный телефон,Samsung,D830,red, Сертифицирован UCRF Гарантия 36 мес,36 мес,331,1695,http://www.aztec.com.ua/?search=&cmd=showcat&p1=44&p2=
Мобильный телефон,Samsung,D900,black, Сертифицирован UCRF Гарантия 36 мес,36 мес,420,2150,http://www.aztec.com.ua/?search=&cmd=showcat&p1=44&p2=
Мобильный телефон,Samsung,E330N,silver, Сертифицирован UCRF Гарантия 36 мес,36 мес,138,707,http://www.aztec.com.ua/?search=&cmd=showcat&p1=44&p2=
Мобильный телефон,Samsung,E350E,sweet pink, Сертифицирован UCRF Гарантия 36 мес,36 мес,187,957,http://www.aztec.com.ua/?search=&cmd=showcat&p1=44&p2=
Мобильный телефон,Samsung,E360,black, Сертифицирован UCRF Гарантия 36 мес,36 мес,189,968,http://www.aztec.com.ua/?search=&cmd=showcat&p1=44&p2=
Мобильный телефон,Samsung,E360,blue, Сертифицирован UCRF Гарантия 36 мес,36 мес,190,973,http://www.aztec.com.ua/?search=&cmd=showcat&p1=44&p2=
Мобильный телефон,Samsung,E360,purple blue, Сертифицирован UCRF Гарантия 36 мес,36 мес,183,937,http://www.aztec.com.ua/?search=&cmd=showcat&p1=44&p2=
Мобильный телефон,Samsung,E360,red, Сертифицирован UCRF Гарантия 36 мес,36 мес,190,973,http://www.aztec.com.ua/?search=&cmd=showcat&p1=44&p2=
Мобильный телефон,Samsung,E360,ruby red, Сертифицирован UCRF Гарантия 36 мес,36 мес,184,942,http://www.aztec.com.ua/?search=&cmd=showcat&p1=44&p2=
Мобильный телефон,Samsung,E370,pearl black, Сертифицирован UCRF Гарантия 36 мес,36 мес,214,1096,http://www.aztec.com.ua/?search=&cmd=showcat&p1=44&p2=
Мобильный телефон,Samsung,E380,blue black, Сертифицирован UCRF Гарантия 36 мес,36 мес,193,988,http://www.aztec.com.ua/?search=&cmd=showcat&p1=44&p2=
Мобильный телефон,Samsung,E380,champagne gold, Сертифицирован UCRF Гарантия 36 мес,36 мес,193,988,http://www.aztec.com.ua/?search=&cmd=showcat&p1=44&p2=
Мобильный телефон,Samsung,E380,gold, Сертифицирован UCRF Гарантия 36 мес,36 мес,198,1014,http://www.aztec.com.ua/?search=&cmd=showcat&p1=44&p2=
Мобильный телефон,Samsung,E380,sand silver, Сертифицирован UCRF Гарантия 36 мес,36 мес,194,993,http://www.aztec.com.ua/?search=&cmd=showcat&p1=44&p2=
Мобильный телефон,Samsung,E500,gold brown, Сертифицирован UCRF Гарантия 36 мес,36 мес,322,1649,http://www.aztec.com.ua/?search=&cmd=showcat&p1=44&p2=
Мобильный телефон,Samsung,E500,white, Сертифицирован UCRF Гарантия 36 мес,36 мес,322,1649,http://www.aztec.com.ua/?search=&cmd=showcat&p1=44&p2=
Мобильный телефон,Samsung,E770,black, Сертифицирован UCRF Гарантия 36 мес,36 мес,243,1244,http://www.aztec.com.ua/?search=&cmd=showcat&p1=44&p2=
Мобильный телефон,Samsung,E770,grey, Сертифицирован UCRF Гарантия 36 мес,36 мес,243,1244,http://www.aztec.com.ua/?search=&cmd=showcat&p1=44&p2=
Мобильный телефон,Samsung,E770,light silver, Сертифицирован UCRF Гарантия 36 мес,36 мес,242,1239,http://www.aztec.com.ua/?search=&cmd=showcat&p1=44&p2=
Мобильный телефон,Samsung,E770,silver, Сертифицирован UCRF Гарантия 36 мес,36 мес,243,1244,http://www.aztec.com.ua/?search=&cmd=showcat&p1=44&p2=
Мобильный телефон,Samsung,E770,strong black, Сертифицирован UCRF Гарантия 36 мес,36 мес,242,1239,http://www.aztec.com.ua/?search=&cmd=showcat&p1=44&p2=
Мобильный телефон,Samsung,E780,brown black, Сертифицирован UCRF Гарантия 36 мес,36 мес,260,1331,http://www.aztec.com.ua/?search=&cmd=showcat&p1=44&p2=
Мобильный телефон,Samsung,E900,black, Сертифицирован UCRF Гарантия 36 мес,36 мес,306,1567,http://www.aztec.com.ua/?search=&cmd=showcat&p1=44&p2=
Мобильный телефон,Samsung,E900,cool silver, Сертифицирован UCRF Гарантия 36 мес,36 мес,300,1536,http://www.aztec.com.ua/?search=&cmd=showcat&p1=44&p2=
Мобильный телефон,Samsung,E900,gold, Сертифицирован UCRF Гарантия 36 мес,36 мес,313,1603,http://www.aztec.com.ua/?search=&cmd=showcat&p1=44&p2=
Мобильный телефон,Samsung,E900,silver, Сертифицирован UCRF Гарантия 36 мес,36 мес,312,1597,http://www.aztec.com.ua/?search=&cmd=showcat&p1=44&p2=
Мобильный телефон,Samsung,E900,sweet pink, Сертифицирован UCRF Гарантия 36 мес,36 мес,306,1567,http://www.aztec.com.ua/?search=&cmd=showcat&p1=44&p2=
Мобильный телефон,Samsung,I300X,dark grey, Сертифицирован UCRF Гарантия 36 мес,36 мес,477,2442,http://www.aztec.com.ua/?search=&cmd=showcat&p1=44&p2=
Мобильный телефон,Samsung,I320,zero black, Сертифицирован UCRF Гарантия 36 мес,36 мес,394,2017,http://www.aztec.com.ua/?search=&cmd=showcat&p1=44&p2=
Мобильный телефон,Samsung,X160,black, Сертифицирован UCRF Гарантия 36 мес,36 мес,90,461,http://www.aztec.com.ua/?search=&cmd=showcat&p1=44&p2=
Мобильный телефон,Samsung,X160,shadow blue, Сертифицирован UCRF Гарантия 36 мес,36 мес,90,461,http://www.aztec.com.ua/?search=&cmd=showcat&p1=44&p2=
Мобильный телефон,Samsung,X160,silver, Сертифицирован UCRF Гарантия 36 мес,36 мес,90,461,http://www.aztec.com.ua/?search=&cmd=showcat&p1=44&p2=
Мобильный телефон,Samsung,X160,strong black, Сертифицирован UCRF Гарантия 36 мес,36 мес,90,461,http://www.aztec.com.ua/?search=&cmd=showcat&p1=44&p2=
Мобильный телефон,Samsung,X160,valentine red, Сертифицирован UCRF Гарантия 36 мес,36 мес,90,461,http://www.aztec.com.ua/?search=&cmd=showcat&p1=44&p2=
Мобильный телефон,Samsung,X160,warm silver, Сертифицирован UCRF Гарантия 36 мес,36 мес,90,461,http://www.aztec.com.ua/?search=&cmd=showcat&p1=44&p2=
Мобильный телефон,Samsung,X210,black, Сертифицирован UCRF Гарантия 36 мес,36 мес,100,512,http://www.aztec.com.ua/?search=&cmd=showcat&p1=44&p2=
Мобильный телефон,Samsung,X210,fox red, Сертифицирован UCRF Гарантия 36 мес,36 мес,100,512,http://www.aztec.com.ua/?search=&cmd=showcat&p1=44&p2=
Мобильный телефон,Samsung,X210,silver grey, Сертифицирован UCRF Гарантия 36 мес,36 мес,100,512,http://www.aztec.com.ua/?search=&cmd=showcat&p1=44&p2=
Мобильный телефон,Samsung,X210,strong black, Сертифицирован UCRF Гарантия 36 мес,36 мес,101,517,http://www.aztec.com.ua/?search=&cmd=showcat&p1=44&p2=
Мобильный телефон,Samsung,X210,valentine pink, Сертифицирован UCRF Гарантия 36 мес,36 мес,100,512,http://www.aztec.com.ua/?search=&cmd=showcat&p1=44&p2=
Мобильный телефон,Samsung,X300,black, Сертифицирован UCRF Гарантия 36 мес,36 мес,106,543,http://www.aztec.com.ua/?search=&cmd=showcat&p1=44&p2=
Мобильный телефон,Samsung,X300,light silver, Сертифицирован UCRF Гарантия 36 мес,36 мес,108,553,http://www.aztec.com.ua/?search=&cmd=showcat&p1=44&p2=
Мобильный телефон,Samsung,X300,misty grey, Сертифицирован UCRF Гарантия 36 мес,36 мес,108,553,http://www.aztec.com.ua/?search=&cmd=showcat&p1=44&p2=
Мобильный телефон,Samsung,X300,modern black, Сертифицирован UCRF Гарантия 36 мес,36 мес,106,543,http://www.aztec.com.ua/?search=&cmd=showcat&p1=44&p2=
Мобильный телефон,Samsung,X300,violet, Сертифицирован UCRF Гарантия 36 мес,36 мес,106,543,http://www.aztec.com.ua/?search=&cmd=showcat&p1=44&p2=
Мобильный телефон,Samsung,X460,silver, Сертифицирован UCRF Гарантия 36 мес,36 мес,117,599,http://www.aztec.com.ua/?search=&cmd=showcat&p1=44&p2=
Мобильный телефон,Samsung,X461,beige silver, Сертифицирован UCRF Гарантия 36 мес,36 мес,107,548,http://www.aztec.com.ua/?search=&cmd=showcat&p1=44&p2=
Мобильный телефон,Samsung,X461,blue silver, Сертифицирован UCRF Гарантия 36 мес,36 мес,107,548,http://www.aztec.com.ua/?search=&cmd=showcat&p1=44&p2=
Мобильный телефон,Samsung,X481,blue, Сертифицирован UCRF Гарантия 36 мес,36 мес,96,492,http://www.aztec.com.ua/?search=&cmd=showcat&p1=44&p2=
Мобильный телефон,Samsung,X481,gold, Сертифицирован UCRF Гарантия 36 мес,36 мес,96,492,http://www.aztec.com.ua/?search=&cmd=showcat&p1=44&p2=
Мобильный телефон,Samsung,X481,red, Сертифицирован UCRF Гарантия 36 мес,36 мес,101,517,http://www.aztec.com.ua/?search=&cmd=showcat&p1=44&p2=
Мобильный телефон,Samsung,X481,special silver, Сертифицирован UCRF Гарантия 36 мес,36 мес,96,492,http://www.aztec.com.ua/?search=&cmd=showcat&p1=44&p2=
Мобильный телефон,Samsung,X481,titan grey, Сертифицирован UCRF Гарантия 36 мес,36 мес,101,517,http://www.aztec.com.ua/?search=&cmd=showcat&p1=44&p2=
Мобильный телефон,Samsung,X481,valentine pink, Сертифицирован UCRF Гарантия 36 мес,36 мес,98,502,http://www.aztec.com.ua/?search=&cmd=showcat&p1=44&p2=
Мобильный телефон,Samsung,X500,blue, Сертифицирован UCRF Гарантия 36 мес,36 мес,122,625,http://www.aztec.com.ua/?search=&cmd=showcat&p1=44&p2=
Мобильный телефон,Samsung,X500,champagne gold, Сертифицирован UCRF Гарантия 36 мес,36 мес,122,625,http://www.aztec.com.ua/?search=&cmd=showcat&p1=44&p2=
Мобильный телефон,Samsung,X500,cool grey, Сертифицирован UCRF Гарантия 36 мес,36 мес,119,609,http://www.aztec.com.ua/?search=&cmd=showcat&p1=44&p2=
Мобильный телефон,Samsung,X500,metallic blue, Сертифицирован UCRF Гарантия 36 мес,36 мес,120,614,http://www.aztec.com.ua/?search=&cmd=showcat&p1=44&p2=
Мобильный телефон,Samsung,X500,pink, Сертифицирован UCRF Гарантия 36 мес,36 мес,122,625,http://www.aztec.com.ua/?search=&cmd=showcat&p1=44&p2=
Мобильный телефон,Samsung,X630,shadow blue, Сертифицирован UCRF Гарантия 36 мес,36 мес,145,742,http://www.aztec.com.ua/?search=&cmd=showcat&p1=44&p2=
Мобильный телефон,Samsung,X630,titan silver, Сертифицирован UCRF Гарантия 36 мес,36 мес,145,742,http://www.aztec.com.ua/?search=&cmd=showcat&p1=44&p2=
Мобильный телефон,Samsung,X640,acropolis silver, Сертифицирован UCRF Гарантия 36 мес,36 мес,130,666,http://www.aztec.com.ua/?search=&cmd=showcat&p1=44&p2=
Мобильный телефон,Samsung,X640,obsidian black, Сертифицирован UCRF Гарантия 36 мес,36 мес,126,645,http://www.aztec.com.ua/?search=&cmd=showcat&p1=44&p2=
Мобильный телефон,Samsung,X640,sweet pink, Сертифицирован UCRF Гарантия 36 мес,36 мес,127,650,http://www.aztec.com.ua/?search=&cmd=showcat&p1=44&p2=
Мобильный телефон,Samsung,X650,black, Сертифицирован UCRF Гарантия 36 мес,36 мес,129,660,http://www.aztec.com.ua/?search=&cmd=showcat&p1=44&p2=
Мобильный телефон,Samsung,X650,rose pink, Сертифицирован UCRF Гарантия 36 мес,36 мес,128,655,http://www.aztec.com.ua/?search=&cmd=showcat&p1=44&p2=
Мобильный телефон,Samsung,X650,silver white, Сертифицирован UCRF Гарантия 36 мес,36 мес,129,660,http://www.aztec.com.ua/?search=&cmd=showcat&p1=44&p2=
Мобильный телефон,Samsung,X650,white, Сертифицирован UCRF Гарантия 36 мес,36 мес,136,696,http://www.aztec.com.ua/?search=&cmd=showcat&p1=44&p2=
Мобильный телефон,Samsung,X660,pink red, Сертифицирован UCRF Гарантия 36 мес,36 мес,130,666,http://www.aztec.com.ua/?search=&cmd=showcat&p1=44&p2=
Мобильный телефон,Samsung,X670,black, Сертифицирован UCRF Гарантия 36 мес,36 мес,173,886,http://www.aztec.com.ua/?search=&cmd=showcat&p1=44&p2=
Мобильный телефон,Samsung,X670,green, Сертифицирован UCRF Гарантия 36 мес,36 мес,173,886,http://www.aztec.com.ua/?search=&cmd=showcat&p1=44&p2=
Мобильный телефон,Samsung,X670,pink, Сертифицирован UCRF Гарантия 36 мес,36 мес,173,886,http://www.aztec.com.ua/?search=&cmd=showcat&p1=44&p2=
Мобильный телефон,Samsung,X670,red, Сертифицирован UCRF Гарантия 36 мес,36 мес,173,886,http://www.aztec.com.ua/?search=&cmd=showcat&p1=44&p2=
Мобильный телефон,Samsung,X670,silver, Сертифицирован UCRF Гарантия 36 мес,36 мес,173,886,http://www.aztec.com.ua/?search=&cmd=showcat&p1=44&p2=
Мобильный телефон,Samsung,X670,tech silver, Сертифицирован UCRF Гарантия 36 мес,36 мес,167,855,http://www.aztec.com.ua/?search=&cmd=showcat&p1=44&p2=
Мобильный телефон,Samsung,X680,fashion red, Сертифицирован UCRF Гарантия 36 мес,36 мес,162,829,http://www.aztec.com.ua/?search=&cmd=showcat&p1=44&p2=
Мобильный телефон,Samsung,X680,metallic blue, Сертифицирован UCRF Гарантия 36 мес,36 мес,156,799,http://www.aztec.com.ua/?search=&cmd=showcat&p1=44&p2=
Мобильный телефон,Samsung,X680,orange, Сертифицирован UCRF Гарантия 36 мес,36 мес,157,804,http://www.aztec.com.ua/?search=&cmd=showcat&p1=44&p2=
Мобильный телефон,Samsung,X680,pearl orange, Сертифицирован UCRF Гарантия 36 мес,36 мес,156,799,http://www.aztec.com.ua/?search=&cmd=showcat&p1=44&p2=
Мобильный телефон,Samsung,X680,pink, Сертифицирован UCRF Гарантия 36 мес,36 мес,156,799,http://www.aztec.com.ua/?search=&cmd=showcat&p1=44&p2=
Мобильный телефон,Samsung,X680,silver grey, Сертифицирован UCRF Гарантия 36 мес,36 мес,156,799,http://www.aztec.com.ua/?search=&cmd=showcat&p1=44&p2=
Мобильный телефон,Samsung,X700,noir black, Сертифицирован UCRF Гарантия 36 мес,36 мес,196,1004,http://www.aztec.com.ua/?search=&cmd=showcat&p1=44&p2=
Мобильный телефон,Samsung,X700,onyx black, Сертифицирован UCRF Гарантия 36 мес,36 мес,196,1004,http://www.aztec.com.ua/?search=&cmd=showcat&p1=44&p2=
Мобильный телефон,Samsung,X820,black, Сертифицирован UCRF Гарантия 36 мес,36 мес,254,1300,http://www.aztec.com.ua/?search=&cmd=showcat&p1=44&p2=
Мобильный телефон,Samsung,Z540,black, Сертифицирован UCRF Гарантия 36 мес,36 мес,322,1649,http://www.aztec.com.ua/?search=&cmd=showcat&p1=44&p2=
Мобильный телефон,Samsung,Е330N,antique silver, Сертифицирован UCRF Гарантия 36 мес,36 мес,137,701,http://www.aztec.com.ua/?search=&cmd=showcat&p1=44&p2=
Мобильный телефон,Samsung,Е360,purple blue, Сертифицирован UCRF Гарантия 36 мес,36 мес,187,957,http://www.aztec.com.ua/?search=&cmd=showcat&p1=44&p2=
Мобильный телефон,Samsung,Е360,ruby red, Сертифицирован UCRF Гарантия 36 мес,36 мес,187,957,http://www.aztec.com.ua/?search=&cmd=showcat&p1=44&p2=
Мобильный телефон,Samsung,Е360,zero black, Сертифицирован UCRF Гарантия 36 мес,36 мес,187,957,http://www.aztec.com.ua/?search=&cmd=showcat&p1=44&p2=
Мобильный телефон,Samsung,Е370,ebony black, Сертифицирован UCRF Гарантия 36 мес,36 мес,214,1096,http://www.aztec.com.ua/?search=&cmd=showcat&p1=44&p2=
Мобильный телефон,Samsung,Р300,modern black, Сертифицирован UCRF Гарантия 36 мес,36 мес,329,1684,http://www.aztec.com.ua/?search=&cmd=showcat&p1=44&p2=
Мобильный телефон,Siemens,A31,black, Сертифицирован UCRF Гарантия 12 мес,12 мес,73,374,http://www.aztec.com.ua/?search=&cmd=showcat&p1=36&p2=
Мобильный телефон,Siemens,A31,carbon black, Сертифицирован UCRF Гарантия 12 мес,12 мес,71,364,http://www.aztec.com.ua/?search=&cmd=showcat&p1=36&p2=
Мобильный телефон,Siemens,A38,bold charcoal, Сертифицирован UCRF Гарантия 12 мес,12 мес,61,312,http://www.aztec.com.ua/?search=&cmd=showcat&p1=36&p2=
Мобильный телефон,Siemens,A38,x-treme gray, Сертифицирован UCRF Гарантия 12 мес,12 мес,64,328,http://www.aztec.com.ua/?search=&cmd=showcat&p1=36&p2=
Мобильный телефон,Siemens,A62,silver, Сертифицирован UCRF Гарантия 12 мес,12 мес,66,338,http://www.aztec.com.ua/?search=&cmd=showcat&p1=36&p2=
Мобильный телефон,Siemens,A75,silver, Сертифицирован UCRF Гарантия 12 мес,12 мес,62,317,http://www.aztec.com.ua/?search=&cmd=showcat&p1=36&p2=
Мобильный телефон,Siemens,AF51,dolphin grey, Сертифицирован UCRF Гарантия 12 мес,12 мес,87,445,http://www.aztec.com.ua/?search=&cmd=showcat&p1=36&p2=
Мобильный телефон,Siemens,AF51,panther black, Сертифицирован UCRF Гарантия 12 мес,12 мес,87,445,http://www.aztec.com.ua/?search=&cmd=showcat&p1=36&p2=
Мобильный телефон,Siemens,AL21,black magic, Сертифицирован UCRF Гарантия 12 мес,12 мес,98,502,http://www.aztec.com.ua/?search=&cmd=showcat&p1=36&p2=
Мобильный телефон,Siemens,AL21,red temptation, Сертифицирован UCRF Гарантия 12 мес,12 мес,99,507,http://www.aztec.com.ua/?search=&cmd=showcat&p1=36&p2=
Мобильный телефон,Siemens,AX72,basalt black, Сертифицирован UCRF Гарантия 12 мес,12 мес,74,379,http://www.aztec.com.ua/?search=&cmd=showcat&p1=36&p2=
Мобильный телефон,Siemens,C72,liquid silver, Сертифицирован UCRF Гарантия 12 мес,12 мес,86,440,http://www.aztec.com.ua/?search=&cmd=showcat&p1=36&p2=
Мобильный телефон,Siemens,C75,black, Сертифицирован UCRF Гарантия 12 мес,12 мес,116,594,http://www.aztec.com.ua/?search=&cmd=showcat&p1=36&p2=
Мобильный телефон,Siemens,C81,piano black, Сертифицирован UCRF Гарантия 12 мес,12 мес,187,957,http://www.aztec.com.ua/?search=&cmd=showcat&p1=36&p2=
Мобильный телефон,Siemens,CF110,midnight blue, Сертифицирован UCRF Гарантия 12 мес,12 мес,104,532,http://www.aztec.com.ua/?search=&cmd=showcat&p1=36&p2=
Мобильный телефон,Siemens,CF110,moonlight silver, Сертифицирован UCRF Гарантия 12 мес,12 мес,104,532,http://www.aztec.com.ua/?search=&cmd=showcat&p1=36&p2=
Мобильный телефон,Siemens,CF61,ice flash, Сертифицирован UCRF Гарантия 12 мес,12 мес,177,906,http://www.aztec.com.ua/?search=&cmd=showcat&p1=36&p2=
Мобильный телефон,Siemens,CF75,ocean blue, Сертифицирован UCRF Гарантия 12 мес,12 мес,121,620,http://www.aztec.com.ua/?search=&cmd=showcat&p1=36&p2=
Мобильный телефон,Siemens,CF75,pearl black, Сертифицирован UCRF Гарантия 12 мес,12 мес,121,620,http://www.aztec.com.ua/?search=&cmd=showcat&p1=36&p2=
Мобильный телефон,Siemens,CL75,black, Сертифицирован UCRF Гарантия 12 мес,12 мес,118,604,http://www.aztec.com.ua/?search=&cmd=showcat&p1=36&p2=
Мобильный телефон,Siemens,CL75,pin-striped black, Сертифицирован UCRF Гарантия 12 мес,12 мес,118,604,http://www.aztec.com.ua/?search=&cmd=showcat&p1=36&p2=
Мобильный телефон,Siemens,CL75,silk flower red, Сертифицирован UCRF Гарантия 12 мес,12 мес,126,645,http://www.aztec.com.ua/?search=&cmd=showcat&p1=36&p2=
Мобильный телефон,Siemens,E61,black orange remix, Сертифицирован UCRF Гарантия 12 мес,12 мес,156,799,http://www.aztec.com.ua/?search=&cmd=showcat&p1=36&p2=
Мобильный телефон,Siemens,EF51,funky white, Сертифицирован UCRF Гарантия 12 мес,12 мес,222,1137,http://www.aztec.com.ua/?search=&cmd=showcat&p1=36&p2=
Мобильный телефон,Siemens,EF81,titanium silver, Сертифицирован UCRF Гарантия 12 мес,12 мес,373,1910,http://www.aztec.com.ua/?search=&cmd=showcat&p1=36&p2=
Мобильный телефон,Siemens,EL71,opal black, Сертифицирован UCRF Гарантия 12 мес,12 мес,212,1085,http://www.aztec.com.ua/?search=&cmd=showcat&p1=36&p2=
Мобильный телефон,Siemens,EL71,quartz anthracite, Сертифицирован UCRF Гарантия 12 мес,12 мес,212,1085,http://www.aztec.com.ua/?search=&cmd=showcat&p1=36&p2=
Мобильный телефон,Siemens,ME75,atlas grey, Сертифицирован UCRF Гарантия 12 мес,12 мес,123,630,http://www.aztec.com.ua/?search=&cmd=showcat&p1=36&p2=
Мобильный телефон,Siemens,S75,piano black, Сертифицирован UCRF Гарантия 12 мес,12 мес,193,988,http://www.aztec.com.ua/?search=&cmd=showcat&p1=36&p2=
Мобильный телефон,Siemens,S81,black titanium, Сертифицирован UCRF Гарантия 12 мес,12 мес,258,1321,http://www.aztec.com.ua/?search=&cmd=showcat&p1=36&p2=
Мобильный телефон,Siemens,S88,cosmic black, Сертифицирован UCRF Гарантия 12 мес,12 мес,222,1137,http://www.aztec.com.ua/?search=&cmd=showcat&p1=36&p2=
Мобильный телефон,Siemens,SL75,onyx black, Сертифицирован UCRF Гарантия 12 мес,12 мес,214,1096,http://www.aztec.com.ua/?search=&cmd=showcat&p1=36&p2=
Мобильный телефон,Siemens,SL75,silver, Сертифицирован UCRF Гарантия 12 мес,12 мес,221,1132,http://www.aztec.com.ua/?search=&cmd=showcat&p1=36&p2=
Мобильный телефон,Siemens,SXG75,metalic black, Сертифицирован UCRF Гарантия 12 мес,12 мес,325,1664,http://www.aztec.com.ua/?search=&cmd=showcat&p1=36&p2=
Мобильный телефон,Siemens,МЕ75,atlas grey, Сертифицирован UCRF Гарантия 12 мес,12 мес,122,625,http://www.aztec.com.ua/?search=&cmd=showcat&p1=36&p2=
Мобильный телефон,Sonyericsson,J100I,polar white, Сертифицирован UCRF Гарантия 12 мес,12 мес,56,287,http://www.aztec.com.ua/index.php?search=&cmd=showcat&p1=10&p2=
Мобильный телефон,Sonyericsson,J230I,deep blue, Сертифицирован UCRF Гарантия 12 мес,12 мес,70,358,http://www.aztec.com.ua/index.php?search=&cmd=showcat&p1=10&p2=
Мобильный телефон,Sonyericsson,K310I,mistery silver, Сертифицирован UCRF Гарантия 12 мес,12 мес,126,645,http://www.aztec.com.ua/index.php?search=&cmd=showcat&p1=10&p2=
Мобильный телефон,Sonyericsson,K510I,black, Сертифицирован UCRF Гарантия 12 мес,12 мес,158,809,http://www.aztec.com.ua/index.php?search=&cmd=showcat&p1=10&p2=
Мобильный телефон,Sonyericsson,K610I,urban silver, Сертифицирован UCRF Гарантия 12 мес,12 мес,236,1208,http://www.aztec.com.ua/index.php?search=&cmd=showcat&p1=10&p2=
Мобильный телефон,Sonyericsson,K750I,oxidized black, Сертифицирован UCRF Гарантия 12 мес,12 мес,261,1336,http://www.aztec.com.ua/index.php?search=&cmd=showcat&p1=10&p2=
Мобильный телефон,Sonyericsson,K790I,black, Сертифицирован UCRF Гарантия 12 мес,12 мес,381,1951,http://www.aztec.com.ua/index.php?search=&cmd=showcat&p1=10&p2=
Мобильный телефон,Sonyericsson,K800I,black, Сертифицирован UCRF Гарантия 12 мес,12 мес,385,1971,http://www.aztec.com.ua/index.php?search=&cmd=showcat&p1=10&p2=
Мобильный телефон,Sonyericsson,M600I,crystal white, Сертифицирован UCRF Гарантия 12 мес,12 мес,315,1613,http://www.aztec.com.ua/index.php?search=&cmd=showcat&p1=10&p2=
Мобильный телефон,Sonyericsson,M600I,granite black, Сертифицирован UCRF Гарантия 12 мес,12 мес,318,1628,http://www.aztec.com.ua/index.php?search=&cmd=showcat&p1=10&p2=
Мобильный телефон,Sonyericsson,P990I,рremium silver, Сертифицирован UCRF Гарантия 12 мес,12 мес,545,2790,http://www.aztec.com.ua/index.php?search=&cmd=showcat&p1=10&p2=
Мобильный телефон,Sonyericsson,W700I,titanium gold, Сертифицирован UCRF Гарантия 12 мес,12 мес,263,1347,http://www.aztec.com.ua/index.php?search=&cmd=showcat&p1=10&p2=
Мобильный телефон,Sonyericsson,W710I,graphite, Сертифицирован UCRF Гарантия 12 мес,12 мес,323,1654,http://www.aztec.com.ua/index.php?search=&cmd=showcat&p1=10&p2=
Мобильный телефон,Sonyericsson,W710I,titanium gold, Сертифицирован UCRF Гарантия 12 мес,12 мес,336,1720,http://www.aztec.com.ua/index.php?search=&cmd=showcat&p1=10&p2=
Мобильный телефон,Sonyericsson,W810I,black, Сертифицирован UCRF Гарантия 12 мес,12 мес,297,1521,http://www.aztec.com.ua/index.php?search=&cmd=showcat&p1=10&p2=
Мобильный телефон,Sonyericsson,W850I,black, Сертифицирован UCRF Гарантия 12 мес,12 мес,415,2125,http://www.aztec.com.ua/index.php?search=&cmd=showcat&p1=10&p2=
Мобильный телефон,Sonyericsson,Z530I,black, Сертифицирован UCRF Гарантия 12 мес,12 мес,167,855,http://www.aztec.com.ua/index.php?search=&cmd=showcat&p1=10&p2=
Мобильный телефон,Sonyericsson,Z550I,sterling black, Сертифицирован UCRF Гарантия 12 мес,12 мес,221,1132,http://www.aztec.com.ua/index.php?search=&cmd=showcat&p1=10&p2=
Мобильный телефон,Sonyericsson,Z610I,luster black, Сертифицирован UCRF Гарантия 12 мес,12 мес,318,1628,http://www.aztec.com.ua/index.php?search=&cmd=showcat&p1=10&p2=
Мобильный телефон,Sonyericsson,Z710I,twilight black, Сертифицирован UCRF Гарантия 12 мес,12 мес,266,1362,http://www.aztec.com.ua/index.php?search=&cmd=showcat&p1=10&p2=
Bluetooth и ИК адаптеры ,Safecom,SBTI-1010,,Гарантия 12 мес,12 мес,18,92,http://www.aztec.com.ua
Bluetooth и ИК адаптеры ,Safecom,SBTI-1050,,Гарантия 12 мес,12 мес,19,97,http://www.aztec.com.ua
Гарнитуры Bluetooth,Nokia,BH-200,,Гарантия 12 мес,12 мес,46,236,http://www.aztec.com.ua/index.php?search=&cmd=showcat&p1=61&p2=
Гарнитуры Bluetooth,Nokia,BH-300,,Гарантия 12 мес,12 мес,52,266,http://www.aztec.com.ua/index.php?search=&cmd=showcat&p1=61&p2=
Гарнитуры Bluetooth,Nokia,BH-500,,Гарантия 12 мес,12 мес,99,507,http://www.aztec.com.ua/index.php?search=&cmd=showcat&p1=61&p2=
Гарнитуры Bluetooth,Nokia,BH-501,,Гарантия 12 мес,12 мес,75,384,http://www.aztec.com.ua/index.php?search=&cmd=showcat&p1=61&p2=
Гарнитуры Bluetooth,Nokia,BH-600,,Гарантия 12 мес,12 мес,61,312,http://www.aztec.com.ua/index.php?search=&cmd=showcat&p1=61&p2=
Гарнитуры Bluetooth,Nokia,BH-800,,Гарантия 12 мес,12 мес,115,589,http://www.aztec.com.ua/index.php?search=&cmd=showcat&p1=61&p2=
Гарнитуры Bluetooth,Nokia,BH-900,,Гарантия 12 мес,12 мес,83,425,http://www.aztec.com.ua/index.php?search=&cmd=showcat&p1=61&p2=
Гарнитуры Bluetooth,Nokia,HDW-3,,Гарантия 12 мес,12 мес,41,210,http://www.aztec.com.ua/index.php?search=&cmd=showcat&p1=61&p2=
Гарнитуры Bluetooth,Nokia,HS-13W,,Гарантия 12 мес,12 мес,131,671,http://www.aztec.com.ua/index.php?search=&cmd=showcat&p1=61&p2=
Гарнитуры Bluetooth,Nokia,HS-26W,,Гарантия 12 мес,12 мес,43,220,http://www.aztec.com.ua/index.php?search=&cmd=showcat&p1=61&p2=
Гарнитуры Bluetooth,Nokia,HS-37W,,Гарантия 12 мес,12 мес,38,195,http://www.aztec.com.ua/index.php?search=&cmd=showcat&p1=61&p2=
Гарнитуры Bluetooth,Nokia,HS-54W,,Гарантия 12 мес,12 мес,43,220,http://www.aztec.com.ua/index.php?search=&cmd=showcat&p1=61&p2=
Гарнитуры Bluetooth,Nokia,HS-56W,,Гарантия 12 мес,12 мес,43,220,http://www.aztec.com.ua/index.php?search=&cmd=showcat&p1=61&p2=
Гарнитуры Bluetooth,Nokia,HS-58W,,Гарантия 12 мес,12 мес,46,236,http://www.aztec.com.ua/index.php?search=&cmd=showcat&p1=61&p2=
Гарнитуры Bluetooth,Samsung,WEP 150 EBEG,,Гарантия 36 мес,36 мес,51,261,http://www.aztec.com.ua/index.php?search=&cmd=showcat&p1=61&p2=
Гарнитуры Bluetooth,Samsung,WEP 200 EBEG,,Гарантия 36 мес,36 мес,61,312,http://www.aztec.com.ua/index.php?search=&cmd=showcat&p1=61&p2=
Гарнитуры Bluetooth,Sonyericsson,HBH-600,,Гарантия 12 мес,12 мес,44,225,http://www.aztec.com.ua/index.php?search=&cmd=showcat&p1=61&p2=
Гарнитуры Bluetooth,Sonyericsson,HBH-608,,Гарантия 12 мес,12 мес,58,297,http://www.aztec.com.ua/index.php?search=&cmd=showcat&p1=61&p2=
Гарнитуры Bluetooth,Sonyericsson,HBH-610,,Гарантия 12 мес,12 мес,65,333,http://www.aztec.com.ua/index.php?search=&cmd=showcat&p1=61&p2=
Гарнитуры Bluetooth,Sonyericsson,GV435,,Гарантия 12 мес,12 мес,86,440,http://www.aztec.com.ua/index.php?search=&cmd=showcat&p1=61&p2=
Гарнитуры Bluetooth,Sonyericsson,PV700,,Гарантия 12 мес,12 мес,47,241,http://www.aztec.com.ua/index.php?search=&cmd=showcat&p1=61&p2=
Гарнитуры Bluetooth,Sonyericsson,PV705,,Гарантия 12 мес,12 мес,51,261,http://www.aztec.com.ua/index.php?search=&cmd=showcat&p1=61&p2=
Гарнитуры Bluetooth,LG,HBM-300,,Гарантия 36 мес,36 мес,35,179,http://www.aztec.com.ua/index.php?search=&cmd=showcat&p1=61&p2=
Гарнитуры Bluetooth,Motorola,H3,,Гарантия 12 мес,12 мес,60,307,http://www.aztec.com.ua/index.php?search=&cmd=showcat&p1=61&p2=
Гарнитуры Bluetooth,Motorola,H300,,Гарантия 12 мес,12 мес,41,210,http://www.aztec.com.ua/index.php?search=&cmd=showcat&p1=61&p2=
Гарнитуры Bluetooth,Motorola,H350,,Гарантия 12 мес,12 мес,44,225,http://www.aztec.com.ua/index.php?search=&cmd=showcat&p1=61&p2=
Гарнитуры Bluetooth,Motorola,H500,,Гарантия 12 мес,12 мес,47,241,http://www.aztec.com.ua/index.php?search=&cmd=showcat&p1=61&p2=
Гарнитуры Bluetooth,Motorola,H605,,Гарантия 12 мес,12 мес,58,297,http://www.aztec.com.ua/index.php?search=&cmd=showcat&p1=61&p2=
Гарнитуры Bluetooth,Motorola,H700,,Гарантия 12 мес,12 мес,74,379,http://www.aztec.com.ua/index.php?search=&cmd=showcat&p1=61&p2=
Гарнитуры Bluetooth,Motorola,H-820,,Гарантия 12 мес,12 мес,46,236,http://www.aztec.com.ua/index.php?search=&cmd=showcat&p1=61&p2=
Гарнитуры Bluetooth,Motorola,H850,,Гарантия 12 мес,12 мес,59,302,http://www.aztec.com.ua/index.php?search=&cmd=showcat&p1=61&p2=
Гарнитуры Bluetooth,Plantronics,M2500,,Гарантия 12 мес,12 мес,43,220,http://www.aztec.com.ua/index.php?search=&cmd=showcat&p1=61&p2=
Гарнитуры Bluetooth,Plantronics,Explorer 320,,Гарантия 12 мес,12 мес,44,225,http://www.aztec.com.ua/index.php?search=&cmd=showcat&p1=61&p2=
Гарнитуры Bluetooth,Plantronics,Explorer 340,,Гарантия 12 мес,12 мес,56,287,http://www.aztec.com.ua/index.php?search=&cmd=showcat&p1=61&p2=
Гарнитуры Bluetooth,Plantronics,M3000,,Гарантия 12 мес,12 мес,71,364,http://www.aztec.com.ua/index.php?search=&cmd=showcat&p1=61&p2=
Гарнитуры Bluetooth,Plantronics,Discovery 640,,Гарантия 12 мес,12 мес,73,374,http://www.aztec.com.ua/index.php?search=&cmd=showcat&p1=61&p2=
Гарнитуры Bluetooth,Plantronics,Discovery 645,,Гарантия 12 мес,12 мес,101,517,http://www.aztec.com.ua/index.php?search=&cmd=showcat&p1=61&p2=
Гарнитуры Bluetooth,Plantronics,Discovery 655,,Гарантия 12 мес,12 мес,83,425,http://www.aztec.com.ua/index.php?search=&cmd=showcat&p1=61&p2=
Гарнитуры Bluetooth,Plantronics,Voyager 510,,Гарантия 12 мес,12 мес,59,302,http://www.aztec.com.ua/index.php?search=&cmd=showcat&p1=61&p2=
Flash память,SanDisk,Compact Flash 512 Mb,,Гарантия 24 мес,24 мес,23,118,http://www.aztec.com.ua/index.php?search=&cmd=showcat&p1=52&p2=
Flash память,SanDisk,Compact Flash 1 Gb,,Гарантия 24 мес,24 мес,34,174,http://www.aztec.com.ua/index.php?search=&cmd=showcat&p1=52&p2=
Flash память,SanDisk,Compact Flash 4 Gb,,Гарантия 24 мес,24 мес,111,568,http://www.aztec.com.ua/index.php?search=&cmd=showcat&p1=52&p2=
Flash память,SanDisk,MMCmobile(dual voltage) 128 Mb,,Гарантия 24 мес,24 мес,14,72,http://www.aztec.com.ua/index.php?search=&cmd=showcat&p1=52&p2=
Flash память,SanDisk,MMCmobile(dual voltage) 256 Mb,,Гарантия 24 мес,24 мес,20,102,http://www.aztec.com.ua/index.php?search=&cmd=showcat&p1=52&p2=
Flash память,SanDisk,MMCmobile(dual voltage) 1 Gb,,Гарантия 24 мес,24 мес,34,174,http://www.aztec.com.ua/index.php?search=&cmd=showcat&p1=52&p2=
Flash память,SanDisk,RS-MMC 256 Mb,,Гарантия 24 мес,24 мес,20,102,http://www.aztec.com.ua/index.php?search=&cmd=showcat&p1=52&p2=
Flash память,SanDisk,RS-MMC 512 Mb,,Гарантия 24 мес,24 мес,21,108,http://www.aztec.com.ua/index.php?search=&cmd=showcat&p1=52&p2=
Flash память,SanDisk,RS-MMC 1 Gb,,Гарантия 24 мес,24 мес,34,174,http://www.aztec.com.ua/index.php?search=&cmd=showcat&p1=52&p2=
Flash память,Sandisk,Mstik Pro Duo 512 Mb,,Гарантия 24 мес,24 мес,29,148,http://www.aztec.com.ua/index.php?search=&cmd=showcat&p1=52&p2=
Flash память,Sandisk,Mstik Pro Duo 1 Gb,,Гарантия 24 мес,24 мес,48,246,http://www.aztec.com.ua/index.php?search=&cmd=showcat&p1=52&p2=
Flash память,Sandisk,microSD(TransFlash) 128 Mb,,Гарантия 24 мес,24 мес,21,108,http://www.aztec.com.ua/index.php?search=&cmd=showcat&p1=52&p2=
Flash память,Sandisk,microSD(TransFlash) 256 Mb,,Гарантия 24 мес,24 мес,21,108,http://www.aztec.com.ua/index.php?search=&cmd=showcat&p1=52&p2=
Flash память,Sandisk,microSD(TransFlash) 512 Mb,,Гарантия 24 мес,24 мес,28,143,http://www.aztec.com.ua/index.php?search=&cmd=showcat&p1=52&p2=
Flash память,Sandisk,microSD(TransFlash) Ultra1 Gb ,,Гарантия 24 мес,24 мес,47,241,http://www.aztec.com.ua/index.php?search=&cmd=showcat&p1=52&p2=
Flash память,Sandisk,miniSD 128 Mb,,Гарантия 24 мес,24 мес,14,72,http://www.aztec.com.ua/index.php?search=&cmd=showcat&p1=52&p2=
Flash память,Sandisk,miniSD 256 Mb,,Гарантия 24 мес,24 мес,20,102,http://www.aztec.com.ua/index.php?search=&cmd=showcat&p1=52&p2=
Flash память,Sandisk,miniSD 512 Mb,,Гарантия 24 мес,24 мес,22,113,http://www.aztec.com.ua/index.php?search=&cmd=showcat&p1=52&p2=
Flash память,Sandisk,miniSD 2 Gb,,Гарантия 24 мес,24 мес,47,241,http://www.aztec.com.ua/index.php?search=&cmd=showcat&p1=52&p2=
Flash память,Sandisk,xD 256 Mb,,Гарантия 24 мес,24 мес,26,133,http://www.aztec.com.ua/index.php?search=&cmd=showcat&p1=52&p2=
Flash память,Sandisk,xD 512 Mb,,Гарантия 24 мес,24 мес,38,195,http://www.aztec.com.ua/index.php?search=&cmd=showcat&p1=52&p2=
Flash память,Sandisk,xD 1 Gb,,Гарантия 24 мес,24 мес,49,251,http://www.aztec.com.ua/index.php?search=&cmd=showcat&p1=52&p2=
