Мобильные телефоны,Sony-Ericsson K750i, <b>Сертифицирован UCRF</b>, Гарантия 36 мес,98,505,95,495,склад(20.10)
Мобильный телефон,LG KG221, Сертифицирован UCRF, Гарантия 36 мес,98,505,94,495,склад(20.10)
Мобиные телефоны,LG KG222, Сертифицирован UCRF, Гарантия 36 мес,98,505,92,497,склад(20.10)
Мобильные телефоны,Samsung D600, Сертифицирован UCRF, Гарантия 36 мес,98,505,96,499,склад(20.10)
Мобильные телефоны,Samsung D601, Сертифицирован UCRF, Гарантия 36 мес,98,505,96,499,склад(20.10)
Мобильные телефоны,Samsung D602, Сертифицирован UCRF, Гарантия 36 мес,98,505,96,499,склад(20.10)
Мобильные телефоны,Samsung D603, Сертифицирован UCRF, Гарантия 36 мес,98,505,96,499,склад(20.10)
Мобильные телефоны,Samsung D604, Сертифицирован UCRF, Гарантия 36 мес,98,505,96,499,склад(20.10)
Мобильные телефоны,Samsung D605, Сертифицирован UCRF, Гарантия 36 мес,98,505,96,499,склад(20.10)
Мобильные телефоны,Samsung D606, Сертифицирован UCRF, Гарантия 36 мес,98,505,96,499,склад(20.10)
Мобильные телефоны,Samsung D607, Сертифицирован UCRF, Гарантия 36 мес,98,505,96,499,склад(20.10)
Мобильные телефоны,Samsung D608, Сертифицирован UCRF, Гарантия 36 мес,98,505,96,499,склад(20.10)
Мобильные телефоны,Samsung D609, Сертифицирован UCRF, Гарантия 36 мес,98,505,96,499,склад(20.10)
Мобильные телефоны,Samsung D610, Сертифицирован UCRF, Гарантия 36 мес,98,505,96,499,склад(20.10)